value,pod_name
193,consumer-xl6cj
973,consumer-x7b4c
4,consumer-jdlpp
101,consumer-jdlpp
611,consumer-6lr9g
697,consumer-23022
540,consumer-jdlpp
18,consumer-q536g
813,consumer-xl6cj
474,consumer-q5r2x
388,consumer-jdlpp
153,consumer-c2t99
310,consumer-q5r2x
317,consumer-6lr9g
407,consumer-n84kv
429,consumer-jdlpp
273,consumer-c2t99
959,consumer-n84kv
211,consumer-c2t99
937,consumer-23022
632,consumer-kpmk7
898,consumer-c2t99
58,consumer-jdlpp
753,consumer-c2t99
378,consumer-xl6cj
619,consumer-jdlpp
445,consumer-c2t99
974,consumer-q536g
99,consumer-x7b4c
496,consumer-q536g
478,consumer-jdlpp
132,consumer-n84kv
980,consumer-kpmk7
276,consumer-q536g
778,consumer-23022
60,consumer-x7b4c
299,consumer-x7b4c
59,consumer-c2t99
5,consumer-jdlpp
570,consumer-6lr9g
53,consumer-kpmk7
796,consumer-q5r2x
84,consumer-x7b4c
660,consumer-kpmk7
208,consumer-q536g
794,consumer-jdlpp
373,consumer-q536g
342,consumer-23022
524,consumer-6lr9g
239,consumer-6lr9g
226,consumer-x7b4c
477,consumer-c2t99
175,consumer-q536g
92,consumer-jdlpp
892,consumer-c2t99
805,consumer-n84kv
420,consumer-23022
749,consumer-6lr9g
923,consumer-n84kv
537,consumer-kpmk7
480,consumer-q536g
100,consumer-6lr9g
843,consumer-xl6cj
651,consumer-6lr9g
319,consumer-jdlpp
42,consumer-jdlpp
988,consumer-jdlpp
258,consumer-kpmk7
282,consumer-23022
45,consumer-x7b4c
498,consumer-kpmk7
732,consumer-x7b4c
845,consumer-c2t99
727,consumer-xl6cj
662,consumer-6lr9g
227,consumer-q536g
842,consumer-jdlpp
754,consumer-q536g
641,consumer-kpmk7
1,consumer-q536g
918,consumer-23022
343,consumer-kpmk7
291,consumer-n84kv
104,consumer-kpmk7
257,consumer-q5r2x
775,consumer-jdlpp
36,consumer-jdlpp
141,consumer-x7b4c
3,consumer-q536g
523,consumer-xl6cj
147,consumer-x7b4c
119,consumer-6lr9g
194,consumer-n84kv
734,consumer-q536g
430,consumer-c2t99
994,consumer-kpmk7
410,consumer-x7b4c
157,consumer-xl6cj
972,consumer-23022
995,consumer-x7b4c
664,consumer-q5r2x
941,consumer-xl6cj
689,consumer-xl6cj
864,consumer-jdlpp
24,consumer-jdlpp
600,consumer-23022
220,consumer-x7b4c
207,consumer-kpmk7
364,consumer-6lr9g
321,consumer-c2t99
489,consumer-x7b4c
656,consumer-xl6cj
650,consumer-23022
750,consumer-23022
837,consumer-6lr9g
111,consumer-x7b4c
19,consumer-jdlpp
466,consumer-q5r2x
852,consumer-q5r2x
55,consumer-x7b4c
800,consumer-x7b4c
392,consumer-23022
485,consumer-jdlpp
250,consumer-q5r2x
899,consumer-n84kv
996,consumer-jdlpp
786,consumer-q536g
90,consumer-kpmk7
272,consumer-23022
985,consumer-6lr9g
822,consumer-q536g
776,consumer-q536g
857,consumer-xl6cj
206,consumer-x7b4c
773,consumer-23022
647,consumer-jdlpp
507,consumer-jdlpp
464,consumer-6lr9g
300,consumer-6lr9g
541,consumer-n84kv
181,consumer-6lr9g
505,consumer-c2t99
718,consumer-23022
425,consumer-6lr9g
949,consumer-x7b4c
520,consumer-jdlpp
236,consumer-q5r2x
286,consumer-kpmk7
558,consumer-23022
324,consumer-x7b4c
326,consumer-xl6cj
163,consumer-c2t99
399,consumer-x7b4c
953,consumer-6lr9g
624,consumer-q5r2x
713,consumer-q5r2x
230,consumer-c2t99
645,consumer-c2t99
369,consumer-q5r2x
493,consumer-23022
396,consumer-jdlpp
303,consumer-23022
475,consumer-q536g
476,consumer-x7b4c
340,consumer-x7b4c
198,consumer-kpmk7
965,consumer-23022
866,consumer-6lr9g
387,consumer-kpmk7
770,consumer-6lr9g
721,consumer-n84kv
196,consumer-jdlpp
271,consumer-n84kv
238,consumer-kpmk7
197,consumer-q5r2x
191,consumer-q5r2x
550,consumer-x7b4c
961,consumer-kpmk7
502,consumer-q536g
241,consumer-c2t99
346,consumer-xl6cj
526,consumer-c2t99
413,consumer-23022
729,consumer-kpmk7
409,consumer-c2t99
160,consumer-x7b4c
308,consumer-6lr9g
229,consumer-kpmk7
620,consumer-23022
905,consumer-xl6cj
836,consumer-x7b4c
438,consumer-kpmk7
536,consumer-q5r2x
782,consumer-jdlpp
115,consumer-jdlpp
508,consumer-xl6cj
797,consumer-23022
213,consumer-xl6cj
693,consumer-q5r2x
302,consumer-kpmk7
400,consumer-c2t99
575,consumer-c2t99
670,consumer-23022
306,consumer-q536g
125,consumer-q536g
576,consumer-x7b4c
495,consumer-q5r2x
442,consumer-23022
578,consumer-xl6cj
292,consumer-c2t99
891,consumer-x7b4c
473,consumer-23022
432,consumer-q5r2x
482,consumer-xl6cj
978,consumer-jdlpp
304,consumer-jdlpp
359,consumer-jdlpp
329,consumer-n84kv
599,consumer-jdlpp
287,consumer-x7b4c
361,consumer-23022
890,consumer-xl6cj
809,consumer-kpmk7
655,consumer-c2t99
182,consumer-xl6cj
245,consumer-xl6cj
405,consumer-xl6cj
603,consumer-c2t99
867,consumer-x7b4c
88,consumer-c2t99
531,consumer-x7b4c
43,consumer-q536g
218,consumer-kpmk7
821,consumer-jdlpp
108,consumer-jdlpp
812,consumer-6lr9g
486,consumer-q5r2x
159,consumer-kpmk7
760,consumer-n84kv
582,consumer-xl6cj
517,consumer-q5r2x
311,consumer-n84kv
936,consumer-kpmk7
924,consumer-jdlpp
686,consumer-q5r2x
283,consumer-q536g
682,consumer-kpmk7
860,consumer-6lr9g
970,consumer-kpmk7
740,consumer-q536g
178,consumer-kpmk7
863,consumer-n84kv
799,consumer-c2t99
102,consumer-c2t99
221,consumer-23022
459,consumer-kpmk7
766,consumer-jdlpp
659,consumer-jdlpp
944,consumer-jdlpp
6,consumer-q536g
249,consumer-6lr9g
529,consumer-xl6cj
614,consumer-q5r2x
873,consumer-q5r2x
694,consumer-c2t99
237,consumer-jdlpp
876,consumer-xl6cj
10,consumer-q536g
33,consumer-kpmk7
593,consumer-xl6cj
50,consumer-jdlpp
733,consumer-q5r2x
259,consumer-6lr9g
509,consumer-kpmk7
375,consumer-23022
586,consumer-q5r2x
251,consumer-c2t99
533,consumer-23022
854,consumer-c2t99
279,consumer-x7b4c
470,consumer-xl6cj
9,consumer-jdlpp
149,consumer-kpmk7
453,consumer-q5r2x
188,consumer-kpmk7
731,consumer-23022
202,consumer-xl6cj
587,consumer-q536g
54,consumer-6lr9g
431,consumer-n84kv
281,consumer-c2t99
527,consumer-jdlpp
224,consumer-jdlpp
908,consumer-n84kv
555,consumer-x7b4c
833,consumer-n84kv
265,consumer-x7b4c
658,consumer-n84kv
846,consumer-q536g
762,consumer-kpmk7
450,consumer-xl6cj
926,consumer-x7b4c
777,consumer-c2t99
331,consumer-c2t99
247,consumer-x7b4c
815,consumer-x7b4c
447,consumer-q5r2x
957,consumer-q536g
209,consumer-6lr9g
928,consumer-xl6cj
945,consumer-23022
875,consumer-q536g
956,consumer-23022
44,consumer-23022
195,consumer-q536g
243,consumer-n84kv
629,consumer-x7b4c
921,consumer-q536g
829,consumer-c2t99
295,consumer-xl6cj
17,consumer-jdlpp
644,consumer-xl6cj
948,consumer-c2t99
881,consumer-q5r2x
320,consumer-x7b4c
318,consumer-q5r2x
920,consumer-6lr9g
338,consumer-q5r2x
263,consumer-jdlpp
556,consumer-q5r2x
671,consumer-kpmk7
27,consumer-jdlpp
205,consumer-jdlpp
172,consumer-q5r2x
134,consumer-6lr9g
472,consumer-6lr9g
521,consumer-n84kv
803,consumer-6lr9g
790,consumer-xl6cj
532,consumer-kpmk7
377,consumer-kpmk7
746,consumer-kpmk7
398,consumer-kpmk7
123,consumer-jdlpp
625,consumer-c2t99
458,consumer-x7b4c
871,consumer-jdlpp
819,consumer-xl6cj
297,consumer-q5r2x
397,consumer-xl6cj
744,consumer-n84kv
615,consumer-x7b4c
930,consumer-c2t99
518,consumer-c2t99
935,consumer-q5r2x
462,consumer-23022
169,consumer-q536g
8,consumer-q536g
25,consumer-jdlpp
483,consumer-23022
457,consumer-jdlpp
598,consumer-q5r2x
38,consumer-c2t99
179,consumer-x7b4c
351,consumer-c2t99
757,consumer-6lr9g
969,consumer-c2t99
849,consumer-jdlpp
305,consumer-n84kv
832,consumer-kpmk7
499,consumer-jdlpp
772,consumer-xl6cj
330,consumer-q5r2x
121,consumer-kpmk7
566,consumer-q5r2x
117,consumer-23022
76,consumer-q536g
456,consumer-c2t99
748,consumer-q536g
826,consumer-n84kv
613,consumer-kpmk7
588,consumer-jdlpp
204,consumer-n84kv
26,consumer-q536g
490,consumer-kpmk7
701,consumer-xl6cj
700,consumer-c2t99
424,consumer-kpmk7
784,consumer-c2t99
510,consumer-x7b4c
741,consumer-jdlpp
235,consumer-xl6cj
444,consumer-q536g
983,consumer-q536g
201,consumer-23022
745,consumer-q5r2x
325,consumer-23022
290,consumer-q5r2x
256,consumer-xl6cj
759,consumer-23022
233,consumer-n84kv
630,consumer-23022
298,consumer-kpmk7
583,consumer-6lr9g
200,consumer-6lr9g
678,consumer-jdlpp
922,consumer-c2t99
32,consumer-q536g
900,consumer-q5r2x
68,consumer-6lr9g
539,consumer-23022
902,consumer-x7b4c
648,consumer-q536g
565,consumer-n84kv
334,consumer-q536g
604,consumer-kpmk7
252,consumer-n84kv
788,consumer-jdlpp
976,consumer-6lr9g
57,consumer-23022
333,consumer-23022
771,consumer-x7b4c
896,consumer-q536g
449,consumer-kpmk7
856,consumer-jdlpp
114,consumer-6lr9g
932,consumer-23022
616,consumer-xl6cj
360,consumer-x7b4c
142,consumer-kpmk7
504,consumer-q5r2x
46,consumer-c2t99
293,consumer-q536g
933,consumer-n84kv
137,consumer-c2t99
146,consumer-jdlpp
95,consumer-c2t99
838,consumer-q5r2x
216,consumer-jdlpp
274,consumer-jdlpp
984,consumer-x7b4c
468,consumer-x7b4c
127,consumer-23022
652,consumer-kpmk7
675,consumer-c2t99
950,consumer-n84kv
572,consumer-23022
562,consumer-c2t99
989,consumer-c2t99
858,consumer-q5r2x
916,consumer-q536g
131,consumer-q536g
698,consumer-jdlpp
173,consumer-xl6cj
919,consumer-jdlpp
40,consumer-6lr9g
48,consumer-6lr9g
135,consumer-23022
606,consumer-q536g
37,consumer-q536g
597,consumer-n84kv
217,consumer-q5r2x
816,consumer-q536g
79,consumer-23022
535,consumer-x7b4c
408,consumer-kpmk7
844,consumer-x7b4c
946,consumer-6lr9g
357,consumer-xl6cj
144,consumer-6lr9g
129,consumer-c2t99
528,consumer-n84kv
61,consumer-6lr9g
589,consumer-x7b4c
47,consumer-kpmk7
795,consumer-q536g
126,consumer-kpmk7
952,consumer-q5r2x
859,consumer-q536g
814,consumer-jdlpp
710,consumer-x7b4c
931,consumer-q536g
781,consumer-q536g
947,consumer-q536g
484,consumer-6lr9g
673,consumer-q5r2x
870,consumer-23022
98,consumer-23022
128,consumer-6lr9g
500,consumer-23022
215,consumer-q536g
872,consumer-n84kv
894,consumer-23022
878,consumer-jdlpp
170,consumer-6lr9g
451,consumer-n84kv
150,consumer-6lr9g
728,consumer-q536g
649,consumer-x7b4c
31,consumer-jdlpp
192,consumer-c2t99
848,consumer-23022
167,consumer-n84kv
861,consumer-23022
394,consumer-6lr9g
112,consumer-23022
666,consumer-n84kv
823,consumer-c2t99
623,consumer-6lr9g
109,consumer-c2t99
807,consumer-c2t99
81,consumer-c2t99
579,consumer-jdlpp
85,consumer-q536g
738,consumer-23022
11,consumer-jdlpp
820,consumer-23022
415,consumer-q536g
266,consumer-n84kv
219,consumer-6lr9g
787,consumer-q5r2x
756,consumer-jdlpp
808,consumer-jdlpp
573,consumer-kpmk7
74,consumer-6lr9g
366,consumer-kpmk7
929,consumer-6lr9g
559,consumer-xl6cj
567,consumer-jdlpp
35,consumer-6lr9g
285,consumer-n84kv
564,consumer-xl6cj
166,consumer-jdlpp
183,consumer-c2t99
561,consumer-jdlpp
212,consumer-q5r2x
865,consumer-xl6cj
546,consumer-c2t99
368,consumer-jdlpp
152,consumer-23022
401,consumer-23022
151,consumer-n84kv
52,consumer-c2t99
78,consumer-jdlpp
515,consumer-x7b4c
214,consumer-n84kv
610,consumer-23022
184,consumer-23022
124,consumer-x7b4c
344,consumer-q536g
29,consumer-jdlpp
968,consumer-6lr9g
492,consumer-n84kv
365,consumer-xl6cj
806,consumer-q5r2x
439,consumer-x7b4c
488,consumer-xl6cj
696,consumer-x7b4c
110,consumer-q536g
840,consumer-q536g
234,consumer-q536g
955,consumer-jdlpp
568,consumer-q536g
743,consumer-xl6cj
639,consumer-n84kv
435,consumer-q536g
23,consumer-q536g
767,consumer-q5r2x
596,consumer-c2t99
835,consumer-jdlpp
417,consumer-kpmk7
618,consumer-n84kv
742,consumer-c2t99
960,consumer-jdlpp
560,consumer-kpmk7
93,consumer-23022
487,consumer-c2t99
455,consumer-q536g
174,consumer-n84kv
668,consumer-q536g
913,consumer-x7b4c
617,consumer-c2t99
963,consumer-q5r2x
307,consumer-x7b4c
692,consumer-kpmk7
82,consumer-23022
684,consumer-jdlpp
975,consumer-23022
423,consumer-n84kv
232,consumer-23022
855,consumer-x7b4c
309,consumer-xl6cj
654,consumer-q536g
793,consumer-kpmk7
817,consumer-q5r2x
296,consumer-jdlpp
982,consumer-c2t99
118,consumer-q536g
716,consumer-c2t99
911,consumer-jdlpp
328,consumer-q536g
228,consumer-6lr9g
113,consumer-kpmk7
140,consumer-q536g
105,consumer-6lr9g
463,consumer-n84kv
665,consumer-xl6cj
446,consumer-jdlpp
951,consumer-kpmk7
471,consumer-n84kv
7,consumer-jdlpp
12,consumer-q536g
544,consumer-q536g
222,consumer-c2t99
13,consumer-jdlpp
51,consumer-23022
246,consumer-kpmk7
248,consumer-q536g
244,consumer-jdlpp
210,consumer-23022
75,consumer-x7b4c
690,consumer-23022
909,consumer-q5r2x
355,consumer-6lr9g
411,consumer-q5r2x
335,consumer-xl6cj
374,consumer-n84kv
416,consumer-jdlpp
107,consumer-x7b4c
801,consumer-23022
418,consumer-c2t99
14,consumer-q536g
71,consumer-23022
977,consumer-n84kv
349,consumer-q5r2x
862,consumer-kpmk7
469,consumer-kpmk7
385,consumer-xl6cj
452,consumer-23022
804,consumer-q536g
386,consumer-n84kv
28,consumer-q536g
289,consumer-xl6cj
494,consumer-x7b4c
992,consumer-q5r2x
116,consumer-c2t99
514,consumer-q536g
661,consumer-23022
427,consumer-xl6cj
288,consumer-6lr9g
850,consumer-kpmk7
706,consumer-q536g
879,consumer-x7b4c
391,consumer-c2t99
888,consumer-6lr9g
818,consumer-kpmk7
503,consumer-xl6cj
165,consumer-kpmk7
511,consumer-6lr9g
581,consumer-kpmk7
154,consumer-xl6cj
752,consumer-xl6cj
938,consumer-6lr9g
479,consumer-kpmk7
350,consumer-x7b4c
542,consumer-xl6cj
120,consumer-x7b4c
440,consumer-xl6cj
711,consumer-6lr9g
847,consumer-6lr9g
97,consumer-q536g
884,consumer-23022
260,consumer-x7b4c
640,consumer-23022
261,consumer-c2t99
547,consumer-jdlpp
254,consumer-23022
569,consumer-x7b4c
925,consumer-q5r2x
316,consumer-kpmk7
267,consumer-kpmk7
714,consumer-q536g
943,consumer-kpmk7
934,consumer-jdlpp
720,consumer-xl6cj
622,consumer-kpmk7
681,consumer-xl6cj
548,consumer-xl6cj
657,consumer-x7b4c
991,consumer-n84kv
491,consumer-6lr9g
703,consumer-n84kv
130,consumer-jdlpp
831,consumer-q536g
2,consumer-q536g
370,consumer-x7b4c
903,consumer-6lr9g
979,consumer-q5r2x
590,consumer-q536g
421,consumer-x7b4c
882,consumer-q536g
441,consumer-6lr9g
339,consumer-jdlpp
853,consumer-n84kv
699,consumer-n84kv
765,consumer-n84kv
395,consumer-q536g
315,consumer-xl6cj
62,consumer-kpmk7
635,consumer-c2t99
990,consumer-xl6cj
231,consumer-q5r2x
631,consumer-6lr9g
883,consumer-n84kv
512,consumer-n84kv
389,consumer-x7b4c
628,consumer-n84kv
810,consumer-q536g
379,consumer-c2t99
577,consumer-q5r2x
939,consumer-x7b4c
789,consumer-n84kv
685,consumer-6lr9g
522,consumer-q536g
885,consumer-kpmk7
633,consumer-q5r2x
705,consumer-6lr9g
735,consumer-c2t99
322,consumer-kpmk7
352,consumer-n84kv
21,consumer-jdlpp
354,consumer-q536g
530,consumer-6lr9g
958,consumer-c2t99
612,consumer-q536g
627,consumer-q536g
554,consumer-n84kv
30,consumer-q536g
574,consumer-n84kv
122,consumer-c2t99
203,consumer-c2t99
906,consumer-c2t99
680,consumer-c2t99
824,consumer-x7b4c
834,consumer-xl6cj
69,consumer-q536g
253,consumer-q536g
358,consumer-q5r2x
927,consumer-kpmk7
185,consumer-n84kv
168,consumer-23022
607,consumer-n84kv
86,consumer-jdlpp
383,consumer-23022
467,consumer-jdlpp
688,consumer-x7b4c
63,consumer-q536g
719,consumer-jdlpp
679,consumer-23022
758,consumer-x7b4c
594,consumer-kpmk7
454,consumer-6lr9g
724,consumer-6lr9g
676,consumer-n84kv
419,consumer-xl6cj
371,consumer-c2t99
363,consumer-q536g
356,consumer-kpmk7
707,consumer-q5r2x
868,consumer-q536g
691,consumer-6lr9g
828,consumer-jdlpp
176,consumer-q5r2x
189,consumer-6lr9g
164,consumer-x7b4c
917,consumer-kpmk7
20,consumer-q536g
591,consumer-23022
553,consumer-kpmk7
158,consumer-q536g
434,consumer-6lr9g
186,consumer-x7b4c
513,consumer-23022
382,consumer-x7b4c
768,consumer-q536g
269,consumer-xl6cj
792,consumer-6lr9g
637,consumer-x7b4c
780,consumer-x7b4c
270,consumer-q5r2x
785,consumer-kpmk7
433,consumer-23022
981,consumer-xl6cj
543,consumer-6lr9g
914,consumer-xl6cj
638,consumer-jdlpp
954,consumer-xl6cj
133,consumer-x7b4c
80,consumer-6lr9g
672,consumer-6lr9g
314,consumer-q536g
687,consumer-q536g
481,consumer-n84kv
381,consumer-q5r2x
345,consumer-6lr9g
663,consumer-c2t99
715,consumer-x7b4c
506,consumer-6lr9g
525,consumer-q5r2x
912,consumer-6lr9g
278,consumer-kpmk7
180,consumer-23022
301,consumer-c2t99
67,consumer-kpmk7
225,consumer-n84kv
223,consumer-xl6cj
516,consumer-kpmk7
723,consumer-c2t99
519,consumer-23022
825,consumer-23022
362,consumer-c2t99
384,consumer-6lr9g
412,consumer-n84kv
942,consumer-c2t99
841,consumer-23022
702,consumer-kpmk7
428,consumer-q5r2x
262,consumer-23022
41,consumer-x7b4c
501,consumer-n84kv
851,consumer-q536g
964,consumer-x7b4c
106,consumer-23022
653,consumer-q5r2x
827,consumer-6lr9g
91,consumer-x7b4c
726,consumer-jdlpp
634,consumer-q536g
436,consumer-jdlpp
580,consumer-23022
426,consumer-x7b4c
497,consumer-c2t99
70,consumer-x7b4c
138,consumer-n84kv
336,consumer-kpmk7
353,consumer-23022
347,consumer-jdlpp
327,consumer-jdlpp
380,consumer-q536g
545,consumer-q5r2x
609,consumer-x7b4c
761,consumer-q536g
460,consumer-q536g
886,consumer-jdlpp
96,consumer-kpmk7
769,consumer-kpmk7
49,consumer-q536g
839,consumer-kpmk7
571,consumer-q536g
605,consumer-q5r2x
895,consumer-jdlpp
145,consumer-c2t99
313,consumer-c2t99
83,consumer-kpmk7
65,consumer-23022
608,consumer-jdlpp
709,consumer-kpmk7
755,consumer-q5r2x
255,consumer-jdlpp
791,consumer-x7b4c
39,consumer-kpmk7
683,consumer-n84kv
56,consumer-q536g
406,consumer-jdlpp
585,consumer-n84kv
103,consumer-q536g
465,consumer-c2t99
669,consumer-x7b4c
889,consumer-q536g
538,consumer-c2t99
404,consumer-q5r2x
402,consumer-q536g
897,consumer-kpmk7
563,consumer-6lr9g
811,consumer-n84kv
907,consumer-23022
549,consumer-6lr9g
199,consumer-x7b4c
72,consumer-jdlpp
34,consumer-c2t99
667,consumer-jdlpp
277,consumer-q5r2x
22,consumer-q536g
15,consumer-jdlpp
337,consumer-6lr9g
367,consumer-n84kv
414,consumer-6lr9g
372,consumer-6lr9g
877,consumer-c2t99
551,consumer-q536g
971,consumer-jdlpp
674,consumer-q536g
139,consumer-jdlpp
87,consumer-6lr9g
602,consumer-6lr9g
783,consumer-n84kv
708,consumer-xl6cj
190,consumer-q536g
643,consumer-q5r2x
294,consumer-23022
646,consumer-n84kv
802,consumer-jdlpp
642,consumer-6lr9g
136,consumer-kpmk7
967,consumer-xl6cj
986,consumer-23022
601,consumer-xl6cj
993,consumer-q536g
695,consumer-q536g
240,consumer-x7b4c
626,consumer-jdlpp
712,consumer-23022
874,consumer-kpmk7
341,consumer-c2t99
534,consumer-q536g
830,consumer-q5r2x
636,consumer-xl6cj
997,consumer-c2t99
998,consumer-23022
268,consumer-6lr9g
737,consumer-n84kv
264,consumer-q536g
910,consumer-kpmk7
904,consumer-q536g
677,consumer-x7b4c
557,consumer-c2t99
869,consumer-c2t99
73,consumer-c2t99
437,consumer-c2t99
774,consumer-q5r2x
332,consumer-n84kv
16,consumer-q536g
171,consumer-c2t99
403,consumer-6lr9g
280,consumer-6lr9g
162,consumer-6lr9g
284,consumer-jdlpp
736,consumer-x7b4c
725,consumer-q5r2x
94,consumer-6lr9g
747,consumer-jdlpp
595,consumer-x7b4c
764,consumer-xl6cj
64,consumer-jdlpp
893,consumer-6lr9g
880,consumer-6lr9g
704,consumer-jdlpp
940,consumer-q536g
592,consumer-6lr9g
763,consumer-c2t99
390,consumer-q5r2x
987,consumer-kpmk7
89,consumer-q536g
376,consumer-jdlpp
966,consumer-q536g
177,consumer-jdlpp
448,consumer-x7b4c
156,consumer-jdlpp
751,consumer-x7b4c
155,consumer-n84kv
77,consumer-kpmk7
323,consumer-6lr9g
722,consumer-kpmk7
887,consumer-c2t99
461,consumer-xl6cj
422,consumer-q536g
730,consumer-6lr9g
798,consumer-xl6cj
66,consumer-c2t99
999,consumer-6lr9g
275,consumer-xl6cj
161,consumer-23022
242,consumer-23022
739,consumer-kpmk7
443,consumer-n84kv
901,consumer-jdlpp
717,consumer-n84kv
393,consumer-n84kv
584,consumer-c2t99
312,consumer-23022
148,consumer-q536g
348,consumer-n84kv
962,consumer-6lr9g
779,consumer-6lr9g
621,consumer-xl6cj
143,consumer-23022
187,consumer-jdlpp
552,consumer-23022
915,consumer-c2t99
